,cif_id,oxygen_uptake_1bar_298K
0,pcu+N428+E19,0.052800774574279785
1,pcu+N373+E15,0.051624029874801636
2,pcu+N373+E219,0.09610545635223389
3,pcu+N373+E182,0.04126855731010437
4,pcu+N428+E45,0.038208991289138794
5,pcu+N30+E130,0.1330556571483612
6,pcu+N428+E37,0.04950585961341858
7,pcu+N428+E151,0.051624029874801636
8,pcu+N428+E27,0.04150390625
9,pcu+N30+E123,0.09987109899520874
10,pcu+N373+E27,0.08527928590774536
11,pcu+N30+E205,0.1525898426771164
12,pcu+N373+E22,0.08880957961082458
13,pcu+N373+E199,0.08457323908805847
14,pcu+N30+E142,0.0970468819141388
15,pcu+N30+E127,0.030677735805511475
16,pcu+N30+E44,0.051388680934906006
17,pcu+N30+E199,0.08810350298881531
18,pcu+N373+E72,0.09398731589317322
19,pcu+N373+E45,0.05797851085662842
20,pcu+N30+E15,0.0325605571269989
21,pcu+N428+E205,0.05491894483566284
22,pcu+N373+E88,0.07186424732208252
23,pcu+N428+E158,0.07068750262260437
24,pcu+N428+E72,0.07610058784484863
25,pcu+N428+E212,0.05586034059524536
26,pcu+N30+E151,0.0864560604095459
27,pcu+N30+E183,0.08998632431030273
28,pcu+N373+E8,0.09210449457168579
29,pcu+N30+E8,0.11116796731948853
30,pcu+N428+E199,0.04974120855331421
31,pcu+N373+E130,0.11163866519927979
32,pcu+N373+E19,0.05750781297683716
33,pcu+N373+E14,0.052800774574279785
34,pcu+N428+E8,0.05021190643310547
35,pcu+N30+E24,0.11705175042152405
36,pcu+N373+E24,0.09351658821105957
37,pcu+N373+E146,0.046446293592453
38,pcu+N373+E94,0.11940526962280273
39,pcu+N30+E194,0.09516406059265137
40,pcu+N30+E9,0.059155285358428955
41,pcu+N373+E151,0.08504393696784973
42,pcu+N373+E11,0.08833885192871094
43,pcu+N428+E123,0.06268554925918579
44,pcu+N30+E88,0.045504868030548096
45,pcu+N30+E45,0.059625983238220215
46,pcu+N373+E38,0.08127832412719727
47,pcu+N428+E146,0.05491894483566284
48,pcu+N30+E94,0.10104784369468689
49,pcu+N428+E78,0.053036123514175415
50,pcu+N373+E123,0.10904979705810547
51,pcu+N428+E185,0.04220995306968689
52,pcu+N428+E130,0.04032716155052185
53,pcu+N373+E78,0.11846387386322021
54,pcu+N428+E220,0.09940040111541748
55,pcu+N428+E14,0.06527441740036011
56,pcu+N428+E44,0.04362207651138306
57,pcu+N30+E219,0.10504883527755737
58,pcu+N428+E88,0.04291602969169617
59,pcu+N30+E203,0.12105274200439453
60,pcu+N373+E86,0.11399218440055847
61,pcu+N30+E86,0.09304589033126831
62,pcu+N373+E205,0.10340136289596558
63,pcu+N373+E185,0.04856446385383606
64,pcu+N373+E9,0.06786328554153442
65,pcu+N373+E73,0.05750781297683716
66,pcu+N30+E22,0.07892480492591858
67,pcu+N428+E38,0.025029301643371582
68,pcu+N373+E16,0.053036123514175415
69,pcu+N373+E212,0.0276181697845459
70,pcu+N30+E11,0.12199413776397705
71,pcu+N428+E50,0.06362694501876831
72,pcu+N30+E19,0.032089829444885254
73,pcu+N428+E16,0.10316601395606995
74,pcu+N30+E50,0.030207037925720215
75,pcu+N428+E94,0.04809373617172241
76,pcu+N428+E86,0.04927051067352295
77,pcu+N373+E168,0.09469336271286011
78,pcu+N428+E182,0.05515429377555847
79,pcu+N373+E44,0.08433789014816284
80,pcu+N30+E168,0.05868455767631531
81,pcu+N373+E194,0.12105274200439453
82,pcu+N428+E15,0.05868455767631531
83,pcu+N428+E73,0.09681153297424316
84,pcu+N373+E37,0.0398564338684082
85,pcu+N428+E127,0.031619131565093994
86,pcu+N373+E50,0.04056251049041748
87,pcu+N373+E220,0.06386229395866394
88,pcu+N30+E78,0.11846387386322021
89,pcu+N30+E38,0.07727733254432678
90,pcu+N373+E127,0.05821385979652405
91,pcu+N428+E11,0.061273425817489624
92,pcu+N428+E9,0.038444340229034424
93,pcu+N428+E24,0.05421289801597595
0,dia+N649+E50,0.07633593678474426
1,dia+N395+E85,0.03938573598861694
2,dia+N385+E19,0.0798662006855011
3,dia+N395+E177,0.032089829444885254
4,dia+N395+E147,0.059155285358428955
5,dia+N395+E43,0.06386229395866394
6,dia+N115+E50,0.08339649438858032
7,dia+N73+E50,0.10410740971565247
8,dia+N395+E119,0.051624029874801636
9,dia+N395+E156,0.051388680934906006
10,dia+N395+E142,0.051388680934906006
11,dia+N395+E219,0.04997655749320984
12,dia+N395+E215,0.052094727754592896
13,dia+N395+E58,0.04244530200958252
14,dia+N395+E199,0.05515429377555847
15,dia+N395+E182,0.060567378997802734
16,dia+N215+E38,0.06974610686302185
17,dia+N395+E180,0.04715234041213989
18,dia+N305+E50,0.0848085880279541
19,dia+N395+E149,0.04950585961341858
20,dia+N395+E45,0.04856446385383606
21,dia+N215+E27,0.06880468130111694
22,dia+N73+E96,0.08174902200698853
23,dia+N395+E115,0.05397754907608032
24,dia+N395+E44,0.05821385979652405
25,dia+N215+E219,0.06550976634025574
26,dia+N395+E183,0.05586034059524536
27,dia+N156+E139,0.11940526962280273
28,dia+N395+E201,0.05680176615715027
29,dia+N395+E168,0.04103320837020874
30,dia+N215+E51,0.0798662006855011
0,acs+N400+E4,0.12623047828674316
1,acs+N428+E9,0.05421289801597595
2,acs+N428+E139,0.03397265076637268
3,acs+N667+E81,0.22248925268650055
4,acs+N667+E82,0.18224413692951202
5,acs+N421+E4,0.1314082145690918
6,acs+N428+E170,0.03962108492851257
7,acs+N421+E13,0.0970468819141388
8,acs+N421+E70,0.09751757979393005
9,acs+N667+E10,0.1468237340450287
10,acs+N667+E151,0.17824316024780273
11,acs+N400+E128,0.110226571559906
12,acs+N400+E162,0.09940040111541748
13,acs+N400+E182,0.09798827767372131
14,acs+N421+E198,0.2474365234375
15,acs+N421+E30,0.15717919170856476
16,acs+N428+E18,0.07209959626197815
17,acs+N428+E72,0.0749238133430481
18,acs+N667+E194,0.15164843201637268
19,acs+N667+E106,0.19565917551517487
20,acs+N667+E131,0.12623047828674316
21,acs+N428+E70,0.08786815404891968
22,acs+N667+E6,0.164122074842453
23,acs+N667+E13,0.13423243165016174
24,acs+N667+E14,0.13093748688697815
25,acs+N667+E139,0.10881444811820984
26,acs+N428+E86,0.0676279366016388
27,acs+N421+E162,0.08433789014816284
28,acs+N421+E182,0.0848085880279541
29,acs+N421+E15,0.06527441740036011
30,acs+N400+E173,0.12434765696525574
31,acs+N400+E194,0.1264658272266388
32,acs+N667+E153,0.15776757895946503
33,acs+N421+E106,0.21542870998382568
34,acs+N428+E120,0.08339649438858032
35,acs+N400+E215,0.10599023103713989
36,acs+N421+E128,0.17200633883476257
37,acs+N400+E81,0.1510600596666336
38,acs+N428+E36,0.045034170150756836
39,acs+N667+E79,0.22601953148841858
40,acs+N421+E173,0.11493358016014099
41,acs+N667+E173,0.2456713765859604
42,acs+N400+E209,0.1517661064863205
43,acs+N421+E10,0.08127832412719727
44,acs+N400+E225,0.1558847576379776
45,acs+N428+E6,0.04268065094947815
46,acs+N400+E6,0.10128319263458252
47,acs+N428+E82,0.07562988996505737
48,acs+N421+E82,0.17035888135433197
49,acs+N421+E67,0.13423243165016174
50,acs+N400+E10,0.09116309881210327
51,acs+N667+E30,0.1837739199399948
52,acs+N421+E79,0.13164356350898743
53,acs+N428+E198,0.03491407632827759
54,acs+N400+E170,0.12881934642791748
55,acs+N428+E42,0.04268065094947815
56,acs+N667+E15,0.11964061856269836
57,acs+N667+E22,0.1370566338300705
58,acs+N400+E67,0.11822852492332458
59,acs+N667+E59,0.16965283453464508
60,acs+N421+E42,0.13587987422943115
61,acs+N421+E12,0.12929004430770874
62,acs+N421+E14,0.10010644793510437
63,acs+N400+E59,0.15200145542621613
64,acs+N421+E36,0.11799317598342896
65,acs+N400+E70,0.09963575005531311
66,acs+N400+E14,0.06527441740036011
67,acs+N667+E94,0.15070703625679016
68,acs+N421+E120,0.11775779724121094
69,acs+N421+E27,0.06386229395866394
70,acs+N421+E194,0.14152832329273224
71,acs+N400+E176,0.149294912815094
72,acs+N400+E120,0.09398731589317322
73,acs+N428+E13,0.04903516173362732
74,acs+N428+E119,0.059625983238220215
75,acs+N421+E131,0.10881444811820984
76,acs+N400+E151,0.10622557997703552
77,acs+N421+E151,0.09186914563179016
78,acs+N400+E86,0.11752244830131531
79,acs+N428+E27,0.0553896427154541
80,acs+N428+E67,0.08716210722923279
81,acs+N421+E203,0.14176367223262787
82,acs+N428+E10,0.043857425451278687
83,acs+N421+E81,0.13988085091114044
84,acs+N667+E4,0.16376903653144836
85,acs+N421+E170,0.14505858719348907
86,acs+N400+E72,0.11705175042152405
87,acs+N667+E86,0.1804790049791336
88,acs+N421+E153,0.1484711915254593
89,acs+N400+E13,0.08269041776657104
90,acs+N400+E12,0.11375683546066284
91,acs+N428+E50,0.037738293409347534
92,acs+N428+E145,0.06668651103973389
93,acs+N400+E203,0.12128809094429016
94,acs+N428+E79,0.060567378997802734
95,acs+N400+E51,0.08692675828933716
96,acs+N667+E162,0.09351658821105957
97,acs+N667+E198,0.24308252334594727
98,acs+N421+E9,0.14435254037380219
99,acs+N428+E30,0.05750781297683716
100,acs+N421+E176,0.15117773413658142
101,acs+N400+E136,0.14011621475219727
102,acs+N667+E170,0.18789257109165192
103,acs+N421+E158,0.0970468819141388
104,acs+N428+E106,0.07562988996505737
105,acs+N667+E128,0.2635580897331238
106,acs+N421+E22,0.09492871165275574
107,acs+N667+E36,0.15235449373722076
108,acs+N428+E158,0.061273425817489624
109,acs+N428+E225,0.08033689856529236
110,acs+N667+E67,0.2417880892753601
111,acs+N421+E166,0.11493358016014099
112,acs+N428+E176,0.08504393696784973
113,acs+N421+E119,0.09257519245147705
114,acs+N667+E166,0.15576708316802979
115,acs+N400+E22,0.09798827767372131
116,acs+N421+E143,0.10481348633766174
117,acs+N667+E225,0.19248193502426147
118,acs+N421+E86,0.10975584387779236
119,acs+N421+E94,0.11563965678215027
120,acs+N421+E225,0.18636278808116913
121,acs+N400+E36,0.12693652510643005
122,acs+N667+E119,0.15447264909744263
123,acs+N667+E209,0.24049365520477295
124,acs+N428+E94,0.05468359589576721
125,acs+N428+E215,0.04244530200958252
126,acs+N428+E173,0.06645116209983826
127,acs+N421+E215,0.1370566338300705
128,acs+N421+E18,0.07139354944229126
129,acs+N400+E106,0.19365869462490082
130,acs+N428+E153,0.060096681118011475
131,acs+N667+E145,0.16765233874320984
132,acs+N667+E176,0.2123691439628601
133,acs+N400+E16,0.10175389051437378
134,acs+N667+E215,0.1861274391412735
135,acs+N400+E153,0.08669140934944153
136,acs+N400+E18,0.08951562643051147
137,acs+N400+E15,0.06480371952056885
138,acs+N421+E50,0.07633593678474426
139,acs+N400+E143,0.09587010741233826
140,acs+N421+E72,0.1525898426771164
141,acs+N421+E16,0.12575975060462952
142,acs+N421+E59,0.12693652510643005
143,acs+N428+E59,0.04009178280830383
144,acs+N428+E162,0.0504472553730011
145,acs+N667+E18,0.17435985803604126
146,acs+N400+E119,0.08551463484764099
147,acs+N428+E136,0.05727246403694153
148,acs+N428+E44,0.059155285358428955
149,acs+N421+E209,0.15612012147903442
150,acs+N400+E44,0.06715723872184753
151,acs+N400+E42,0.12858396768569946
152,acs+N428+E143,0.05091795325279236
153,acs+N421+E139,0.10128319263458252
154,acs+N667+E158,0.1363505721092224
155,acs+N421+E136,0.16541650891304016
156,acs+N400+E79,0.10999122262001038
157,acs+N428+E166,0.0709228515625
158,acs+N667+E50,0.07774806022644043
159,acs+N667+E72,0.14435254037380219
160,acs+N667+E182,0.04220995306968689
161,acs+N421+E44,0.06315624713897705
162,acs+N400+E50,0.06668651103973389
163,acs+N428+E128,0.11493358016014099
164,acs+N428+E14,0.07209959626197815
165,acs+N667+E16,0.17365381121635437
166,acs+N400+E9,0.13493847846984863
167,acs+N400+E82,0.19777734577655792
168,acs+N400+E145,0.10787305235862732
169,acs+N428+E209,0.07304102182388306
170,acs+N428+E12,0.06245020031929016
171,acs+N428+E194,0.05068260431289673
172,acs+N400+E131,0.0709228515625
173,acs+N428+E151,0.07139354944229126
174,acs+N400+E158,0.07515919208526611
175,acs+N400+E30,0.13234961032867432
176,acs+N428+E203,0.03514942526817322
177,acs+N400+E139,0.0937519371509552
178,acs+N400+E27,0.0692753791809082
179,acs+N428+E51,0.04879981279373169
180,acs+N428+E4,0.060802727937698364
181,acs+N667+E12,0.15894433856010437
182,acs+N428+E81,0.04268065094947815
183,acs+N421+E145,0.12293553352355957
184,acs+N667+E42,0.19895410537719727
185,acs+N428+E131,0.03632616996765137
186,acs+N667+E70,0.1469414085149765
187,acs+N667+E203,0.20636767148971558
188,acs+N667+E136,0.18318554759025574
189,acs+N400+E166,0.08269041776657104
190,acs+N428+E22,0.03562012314796448
191,acs+N428+E16,0.08716210722923279
192,acs+N421+E51,0.07186424732208252
193,acs+N400+E198,0.2533203065395355
194,acs+N421+E6,0.10952049493789673
195,acs+N667+E9,0.14482323825359344
196,acs+N667+E143,0.20695605874061584
197,acs+N428+E182,0.06856933236122131
198,acs+N667+E51,0.09916505217552185
199,acs+N667+E120,0.20130760967731476
200,acs+N400+E94,0.11446288228034973
201,acs+N428+E15,0.059390634298324585
0,rtl+N231+N667,0.105284184217453
1,rtl+N277+N40,0.059390634298324585
2,rtl+N687+N428,0.04950585961341858
3,rtl+N196+N40,0.08833885192871094
4,rtl+N231+N152,0.07821875810623169
5,rtl+N23+N674,0.04997655749320984
6,rtl+N20+N373,0.10269531607627869
7,rtl+N571+N373,0.08104297518730164
8,rtl+N231+N425,0.14705908298492432
9,rtl+N231+N659,0.10151854157447815
10,rtl+N277+N339,0.10245996713638306
11,rtl+N20+N428,0.05586034059524536
12,rtl+N484+N30,0.11375683546066284
13,rtl+N231+N646,0.07045215368270874
14,rtl+N639+N428,0.08010154962539673
15,rtl+N20+N30,0.07963085174560547
16,rtl+N231+N116,0.11305078864097595
17,rtl+N571+N428,0.029736340045928955
18,rtl+N19+N40,0.09304589033126831
19,rtl+N25+N373,0.1208173930644989
20,rtl+N488+N428,0.030677735805511475
21,rtl+N157+N40,0.12340626120567322
22,rtl+N80+N40,0.11728709936141968
23,rtl+N679+N40,0.10575488209724426
24,rtl+N495+N373,0.1510600596666336
25,rtl+N23+N221,0.10904979705810547
26,rtl+N231+N555,0.1142275333404541
27,rtl+N679+N667,0.08433789014816284
28,rtl+N48+N428,0.08127832412719727
29,rtl+N157+N373,0.09233984351158142
30,rtl+N488+N373,0.08716210722923279
31,rtl+N231+N674,0.06480371952056885
32,rtl+N571+N674,0.08763280510902405
33,rtl+N695+N428,0.022911131381988525
34,rtl+N231+N373,0.04268065094947815
35,rtl+N535+N30,0.10999122262001038
36,rtl+N353+N373,0.09304589033126831
37,rtl+N25+N476,0.06715723872184753
38,rtl+N163+N476,0.08551463484764099
39,rtl+N277+N373,0.010437488555908203
40,rtl+N277+N139,0.1370566338300705
41,rtl+N484+N476,0.1304667890071869
42,rtl+N10+N428,0.03420799970626831
43,rtl+N277+N659,0.009496092796325684
44,rtl+N163+N428,0.059155285358428955
45,rtl+N157+N379,0.17977294325828552
46,rtl+N488+N674,0.080807626247406
47,rtl+N176+N30,0.10269531607627869
48,rtl+N231+N144,0.08010154962539673
49,rtl+N333+N428,0.06574511528015137
50,rtl+N23+N379,0.08598536252975464
51,rtl+N231+N476,0.06809863448143005
52,rtl+N110+N30,0.0798662006855011
53,rtl+N277+N49,0.2957424223423004
54,rtl+N79+N40,0.14623534679412842
55,rtl+N535+N667,0.11258009076118469
56,rtl+N277+N476,0.029265612363815308
57,rtl+N277+N428,0.008554697036743164
58,rtl+N10+N476,0.05868455767631531
59,rtl+N277+N646,0.037973642349243164
60,rtl+N23+N30,0.051153331995010376
61,rtl+N10+N373,0.10457813739776611
62,rtl+N353+N476,0.07139354944229126
63,rtl+N23+N476,0.07633593678474426
64,rtl+N277+N548,0.100341796875
65,rtl+N474+N476,0.09328123927116394
66,rtl+N277+N379,-0.009096682071685791
67,rtl+N477+N30,0.105284184217453
68,rtl+N495+N40,0.08174902200698853
69,rtl+N592+N428,0.07115820050239563
70,rtl+N25+N428,0.052330076694488525
71,rtl+N277+N152,0.05468359589576721
72,rtl+N535+N36,0.09728223085403442
73,rtl+N19+N14,0.09916505217552185
74,rtl+N277+N667,0.07610058784484863
75,rtl+N474+N674,0.08998632431030273
76,rtl+N277+N144,0.04832911491394043
77,rtl+N408+N139,0.1477651298046112
78,rtl+N477+N40,0.12929004430770874
79,rtl+N477+N373,0.11352148652076721
80,rtl+N416+N428,0.05068260431289673
81,rtl+N23+N667,0.059625983238220215
82,rtl+N225+N476,0.0970468819141388
83,rtl+N19+N476,0.044328123331069946
84,rtl+N277+N221,0.08410254120826721
85,rtl+N285+N674,0.07186424732208252
86,rtl+N679+N373,0.06786328554153442
87,rtl+N277+N674,0.02008691430091858
88,rtl+N495+N667,0.04079785943031311
89,rtl+N456+N428,0.11328613758087158
90,rtl+N474+N40,0.07139354944229126
91,rtl+N571+N30,0.07139354944229126
92,rtl+N495+N30,0.10340136289596558
0,cds+N17+E37,0.08739745616912842
1,cds+N288+E37,0.10457813739776611
2,cds+N623+E158,0.11728709936141968
3,cds+N29+E158,0.13093748688697815
4,cds+N288+E158,0.11634570360183716
5,cds+N710+E37,0.09469336271286011
6,cds+N387+E158,0.05397754907608032
7,cds+N303+E158,0.12340626120567322
8,cds+N387+E37,0.04879981279373169
9,cds+N17+E158,0.10316601395606995
10,cds+N624+E158,0.10857909917831421
11,cds+N624+E37,0.07845410704612732
12,cds+N539+E37,0.08598536252975464
13,cds+N580+E37,0.0864560604095459
14,cds+N616+E37,0.1158750057220459
15,cds+N631+E158,0.13423243165016174
16,cds+N276+E37,0.10222461819648743
17,cds+N580+E158,0.07209959626197815
18,cds+N29+E37,0.09916505217552185
19,cds+N420+E158,0.0619795024394989
20,cds+N616+E158,0.10622557997703552
21,cds+N710+E158,0.06951072812080383
22,cds+N257+E158,0.14152832329273224
23,cds+N539+E158,0.10104784369468689
24,cds+N276+E158,0.1429404318332672
0,srs+N499+E51,0.10763770341873169
1,srs+N579+E212,0.10104784369468689
2,srs+N579+E162,0.10340136289596558
3,srs+N245+E20,0.06174415349960327
4,srs+N717+E21,0.10293066501617432
5,srs+N682+E21,0.13846874237060547
6,srs+N60+E162,0.14800047874450684
7,srs+N682+E3,0.1476474553346634
8,srs+N320+E19,0.23413915932178497
9,srs+N579+E3,0.10575488209724426
10,srs+N717+E204,0.09892967343330383
11,srs+N682+E4,0.13682129979133606
12,srs+N579+E21,0.06998145580291748
13,srs+N499+E4,0.12175878882408142
14,srs+N579+E111,0.10104784369468689
15,srs+N682+E131,0.33319273591041565
16,srs+N245+E41,0.08716210722923279
17,srs+N682+E51,0.13258495926856995
18,srs+N717+E88,0.14800047874450684
19,srs+N245+E3,0.1019892692565918
20,srs+N60+E47,0.12999609112739563
21,srs+N499+E21,0.11375683546066284
22,srs+N245+E111,0.10104784369468689
23,srs+N682+E20,0.17612498998641968
24,srs+N717+E67,0.15706151723861694
25,srs+N245+E7,0.09186914563179016
26,srs+N60+E67,0.1109326183795929
27,srs+N499+E7,0.06880468130111694
28,srs+N320+E131,0.28373950719833374
29,srs+N499+E88,0.09892967343330383
30,srs+N717+E111,0.1330556571483612
31,srs+N579+E88,0.09610545635223389
32,srs+N717+E20,0.13587987422943115
33,srs+N579+E182,0.09845897555351257
34,srs+N60+E41,0.08739745616912842
35,srs+N60+E3,0.13164356350898743
36,srs+N60+E51,0.124818354845047
37,srs+N60+E212,0.15058934688568115
38,srs+N320+E182,0.25849804282188416
39,srs+N60+E131,0.1429404318332672
40,srs+N717+E51,0.11728709936141968
41,srs+N682+E212,0.10834375023841858
42,srs+N60+E182,0.1092851459980011
43,srs+N579+E20,0.08033689856529236
44,srs+N682+E7,0.12575975060462952
45,srs+N579+E51,0.11799317598342896
46,srs+N245+E19,0.0709228515625
47,srs+N245+E162,0.08763280510902405
48,srs+N579+E50,0.10245996713638306
49,srs+N60+E4,0.06362694501876831
50,srs+N320+E51,0.2489663064479828
51,srs+N60+E20,0.08221971988677979
52,srs+N245+E204,0.17518359422683716
53,srs+N245+E47,0.09916505217552185
54,srs+N579+E67,0.13917480409145355
55,srs+N717+E50,0.11493358016014099
56,srs+N320+E204,0.2973310351371765
57,srs+N320+E88,0.21919433772563934
58,srs+N717+E182,0.11869922280311584
59,srs+N60+E111,0.1208173930644989
60,srs+N499+E111,0.1535312533378601
61,srs+N682+E47,0.1771840751171112
62,srs+N682+E67,0.3581841289997101
63,srs+N499+E162,0.110226571559906
64,srs+N499+E204,0.17918457090854645
65,srs+N245+E67,0.09728223085403442
66,srs+N682+E111,0.2163701206445694
67,srs+N320+E3,0.11799317598342896
68,srs+N499+E67,0.16094481945037842
69,srs+N60+E88,0.12858396768569946
70,srs+N682+E41,0.11681640148162842
71,srs+N682+E36,0.11328613758087158
72,srs+N717+E7,0.09445801377296448
73,srs+N499+E182,0.08998632431030273
74,srs+N499+E50,0.105284184217453
75,srs+N320+E4,0.07727733254432678
76,srs+N320+E50,0.20942723751068115
77,srs+N245+E131,0.09634080529212952
78,srs+N579+E47,0.07892480492591858
79,srs+N579+E7,0.08339649438858032
80,srs+N682+E162,0.15000097453594208
81,srs+N579+E19,0.09587010741233826
82,srs+N320+E212,0.2521435618400574
83,srs+N579+E4,0.059390634298324585
84,srs+N717+E162,0.11563965678215027
85,srs+N245+E194,0.09845897555351257
86,srs+N717+E36,0.0897509753704071
87,srs+N245+E4,0.08575001358985901
88,srs+N579+E204,0.13893945515155792
89,srs+N579+E131,0.1330556571483612
90,srs+N320+E111,0.1436464786529541
91,srs+N717+E47,0.15129540860652924
92,srs+N499+E212,0.10128319263458252
93,srs+N245+E36,0.044798821210861206
94,srs+N499+E20,0.1304667890071869
95,srs+N717+E212,0.10857909917831421
96,srs+N499+E47,0.17188866436481476
97,srs+N245+E182,0.0725703239440918
98,srs+N60+E50,0.11234471201896667
99,srs+N60+E19,0.13446778059005737
100,srs+N682+E19,0.12152343988418579
101,srs+N717+E3,0.10481348633766174
102,srs+N245+E88,0.08010154962539673
103,srs+N60+E204,0.1623569279909134
104,srs+N499+E19,0.12270018458366394
105,srs+N579+E36,0.04903516173362732
106,srs+N320+E67,0.3248671889305115
107,srs+N245+E50,0.09751757979393005
108,srs+N245+E212,0.07916015386581421
109,srs+N717+E41,0.12364161014556885
110,srs+N717+E4,0.1255244016647339
111,srs+N245+E51,0.07963085174560547
112,srs+N320+E162,0.25014305114746094
113,srs+N320+E41,0.09469336271286011
114,srs+N717+E19,0.13587987422943115
115,srs+N579+E41,0.10175389051437378
116,srs+N682+E50,0.06409764289855957
117,srs+N682+E88,0.24696581065654755
118,srs+N499+E3,0.17530126869678497
119,srs+N499+E36,0.08951562643051147
120,srs+N499+E41,0.10575488209724426
121,srs+N245+E21,0.04738768935203552
122,srs+N682+E182,0.11140331625938416
123,srs+N682+E204,0.3358698785305023
124,srs+N717+E131,0.15141308307647705
125,srs+N499+E131,0.11493358016014099
0,ths+N440+E158,0.1485888659954071
1,ths+N51+E66,0.10857909917831421
2,ths+N60+E158,0.16141553223133087
3,ths+N51+E226,0.16541650891304016
4,ths+N717+E158,0.15659081935882568
5,ths+N51+E127,0.12458300590515137
6,ths+N186+E50,0.08127832412719727
7,ths+N579+E158,0.13493847846984863
8,ths+N246+E158,0.1436464786529541
9,ths+N499+E158,0.11116796731948853
10,ths+N51+E158,0.12458300590515137
11,ths+N186+E51,0.10175389051437378
0,bcu+N374+E182,0.07068750262260437
1,bcu+N241+E182,0.06292089819908142
2,bcu+N374+E44,0.04927051067352295
3,bcu+N462+E182,0.08221971988677979
4,bcu+N45+E19,0.07139354944229126
5,bcu+N175+E182,0.12105274200439453
6,bcu+N67+E19,0.051153331995010376
7,bcu+N370+E182,0.10293066501617432
8,bcu+N169+E44,0.1297607421875
9,bcu+N229+E182,0.09610545635223389
10,bcu+N625+E44,0.04597559571266174
11,bcu+N171+E182,0.018674790859222412
12,bcu+N318+E182,0.03444334864616394
13,bcu+N38+E44,0.06268554925918579
14,bcu+N171+E44,0.02691212296485901
15,bcu+N625+E19,0.039150387048721313
16,bcu+N166+E182,0.06621581315994263
17,bcu+N655+E182,0.12011131644248962
18,bcu+N374+E19,0.05609568953514099
19,bcu+N124+E182,0.051388680934906006
20,bcu+N169+E19,0.10834375023841858
21,bcu+N229+E44,0.06503906846046448
22,bcu+N337+E19,0.053036123514175415
23,bcu+N632+E182,0.010672837495803833
24,bcu+N38+E19,0.1208173930644989
25,bcu+N166+E19,0.06409764289855957
26,bcu+N241+E44,0.029971688985824585
27,bcu+N45+E182,0.04715234041213989
28,bcu+N632+E19,0.025499999523162842
29,bcu+N427+E182,0.09563475847244263
30,bcu+N318+E19,0.018674790859222412
31,bcu+N169+E182,0.06174415349960327
32,bcu+N462+E19,0.06362694501876831
33,bcu+N229+E19,0.10599023103713989
34,bcu+N70+E19,0.124818354845047
35,bcu+N132+E182,0.025264650583267212
36,bcu+N70+E182,0.08951562643051147
37,bcu+N38+E182,0.061038076877593994
38,bcu+N318+E44,0.01891016960144043
39,bcu+N625+E182,0.07704198360443115
40,bcu+N615+E44,0.07610058784484863
41,bcu+N632+E44,0.01985156536102295
42,bcu+N615+E182,0.08998632431030273
43,bcu+N132+E19,0.03467869758605957
44,bcu+N67+E44,0.01961621642112732
45,bcu+N166+E44,0.09422266483306885
46,bcu+N124+E19,0.0504472553730011
47,bcu+N337+E44,0.07021680474281311
48,bcu+N615+E19,0.0937519371509552
49,bcu+N337+E182,0.09587010741233826
50,bcu+N124+E44,0.06339159607887268
51,bcu+N462+E44,0.08786815404891968
52,bcu+N241+E19,0.01985156536102295
53,bcu+N67+E182,0.03632616996765137
54,bcu+N427+E19,0.08810350298881531
55,bcu+N171+E19,0.022440433502197266
56,bcu+N655+E44,0.04056251049041748
57,bcu+N370+E19,0.12670117616653442
58,bcu+N175+E19,0.11469823122024536
59,bcu+N530+E19,0.11846387386322021
60,bcu+N427+E44,0.07704198360443115
61,bcu+N45+E44,0.08833885192871094
62,bcu+N655+E19,0.05397754907608032
63,bcu+N530+E44,0.06668651103973389
64,bcu+N530+E182,0.09022167325019836
0,fsc+N1+N691,0.10904979705810547
1,fsc+N223+N152,0.05774316191673279
2,fsc+N564+N505,0.06456837058067322
3,fsc+N575+N691,0.13352635502815247
4,fsc+N575+N382,0.02785351872444153
5,fsc+N1+N182,0.06174415349960327
6,fsc+N522+N152,0.05821385979652405
7,fsc+N1+N101,0.11305078864097595
8,fsc+N62+N264,0.05586034059524536
9,fsc+N522+N373,0.05656641721725464
10,fsc+N522+N691,0.20672069489955902
11,fsc+N522+N567,0.14658837020397186
12,fsc+N62+N691,0.1290546953678131
13,fsc+N62+N59,0.1419990211725235
14,fsc+N575+N30,0.051153331995010376
15,fsc+N223+N30,0.06833398342132568
16,fsc+N1+N264,0.10857909917831421
17,fsc+N62+N30,0.05844920873641968
18,fsc+N575+N373,0.04197460412979126
19,fsc+N522+N30,0.06809863448143005
20,fsc+N223+N264,0.05068260431289673
21,fsc+N223+N476,0.04173925518989563
22,fsc+N1+N567,0.11446288228034973
23,fsc+N522+N144,0.17730174958705902
24,fsc+N223+N144,0.05797851085662842
25,fsc+N223+N373,0.060802727937698364
26,fsc+N62+N382,0.20013085007667542
27,fsc+N564+N476,0.04668164253234863
28,fsc+N62+N152,0.07539454102516174
29,fsc+N575+N646,0.08339649438858032
30,fsc+N1+N505,0.11281543970108032
31,fsc+N223+N691,0.04832911491394043
32,fsc+N62+N144,0.193541020154953
33,fsc+N1+N144,0.09610545635223389
34,fsc+N522+N476,0.09092772006988525
35,fsc+N564+N59,0.08104297518730164
36,fsc+N1+N59,0.2603808641433716
37,fsc+N564+N182,0.1601210981607437
38,fsc+N223+N382,0.20954491198062897
39,fsc+N1+N646,0.10175389051437378
40,fsc+N223+N567,0.08951562643051147
41,fsc+N62+N182,0.14576464891433716
42,fsc+N62+N504,0.10834375023841858
43,fsc+N564+N504,0.3324572741985321
44,fsc+N575+N567,0.12175878882408142
45,fsc+N522+N382,0.09892967343330383
46,fsc+N223+N646,0.06951072812080383
47,fsc+N62+N567,0.13658592104911804
48,fsc+N62+N505,0.09351658821105957
49,fsc+N522+N646,0.1158750057220459
50,fsc+N564+N567,0.1748305708169937
51,fsc+N564+N101,0.1484711915254593
52,fsc+N62+N101,0.1674169898033142
53,fsc+N62+N646,0.06739258766174316
54,fsc+N564+N691,0.22107714414596558
55,fsc+N62+N476,0.043857425451278687
56,fsc+N1+N152,0.100341796875
57,fsc+N564+N152,0.10646092891693115
58,fsc+N564+N382,0.18648046255111694
59,fsc+N1+N504,0.16941747069358826
60,fsc+N1+N30,0.105284184217453
61,fsc+N564+N144,0.198365718126297
62,fsc+N575+N476,0.05680176615715027
63,fsc+N1+N382,0.257085919380188
64,fsc+N575+N144,0.13682129979133606
65,fsc+N575+N264,0.14388182759284973
66,fsc+N1+N476,0.06833398342132568
67,fsc+N575+N152,0.0749238133430481
68,fsc+N522+N264,0.15070703625679016
69,fsc+N564+N646,0.05633106827735901
70,fsc+N564+N264,0.09257519245147705
